Age,Salary,Experience,CreditScore,LoanAmount,Purchased,HousePrice
56,24757,7,417,141036,1,1265039
46,39097,28,679,137954,0,3076259
32,30395,31,589,477530,1,6161545
60,36241,37,739,491441,1,7324758
25,123892,4,306,395158,0,2396102
38,47696,21,495,478395,0,1004011
56,135654,33,720,167305,1,2964724
36,90480,0,492,468554,1,9821549
40,66163,25,447,250753,0,3708685
28,39816,9,501,82101,0,7814285
28,69840,29,743,52775,1,1603151
41,122547,17,718,161497,1,8372801
53,72853,16,726,95619,1,8364732
57,44917,25,778,489054,1,9111184
41,116731,7,774,302388,1,8285387
20,41566,39,425,462755,0,6102367
39,95452,11,694,283346,1,5500328
19,82823,26,624,369268,1,5308307
41,141392,7,691,115149,0,5444910
61,40806,24,739,76616,0,1731636
47,95520,3,503,271767,1,7481093
55,21759,32,785,235639,1,1686290
19,146092,0,330,218171,0,8553925
38,61949,18,687,256903,1,4216662
50,112374,30,733,281318,1,7871574
29,22482,15,675,373943,0,3364825
39,44442,13,643,402365,1,3180139
61,53719,4,742,427023,0,4719194
42,78066,25,374,337623,0,4283737
44,113501,27,454,489388,0,2432672
59,22079,1,729,411309,0,1564174
45,22717,5,662,105863,1,2622563
33,79676,8,747,223115,0,6857846
32,47952,32,533,394713,1,7841023
64,106444,24,561,458624,1,3465596
61,62460,12,424,303347,1,8718454
20,110397,8,544,239052,1,5405113
54,92847,12,841,328495,1,2413967
24,113607,30,784,185203,0,4387990
38,109106,10,421,297908,0,6066447
26,38449,3,424,356969,0,8718221
56,53536,33,848,323493,0,7856604
35,84077,37,469,242003,1,3619222
21,58258,3,423,356398,0,2935772
42,68302,37,334,350369,1,7398497
31,145937,18,386,324597,1,5568672
26,48865,5,500,199886,0,3422952
43,26645,33,668,199335,0,4222018
19,139771,17,376,127694,0,8396665
37,58000,12,358,65735,0,2861663
45,46737,22,730,459046,1,6363998
64,31485,18,799,360037,1,1049768
24,58565,10,408,225745,0,6167373
61,45522,0,577,439150,1,3263557
25,139614,23,367,270534,1,3100326
64,85155,6,368,95066,1,9506377
52,75168,24,464,281387,0,1297542
31,72487,20,788,184445,1,3526297
34,149948,14,604,453551,0,6628573
53,32342,0,664,466957,0,9091363
57,60806,11,678,322836,1,5961172
21,68770,6,642,490511,1,1928864
19,98623,14,653,95541,0,6908553
23,123177,20,715,215129,1,7508526
59,119785,18,408,116983,1,9140594
21,95629,28,796,200655,0,3466511
46,140993,24,640,203837,0,4295784
35,72603,32,682,240359,0,7435389
43,146944,31,832,467122,0,8422235
61,132726,34,599,432891,1,5134608
51,101974,37,438,397247,1,8532351
27,125947,25,658,260747,0,2248749
53,46399,10,798,227597,0,1676337
31,148177,34,684,219302,0,3023553
48,105382,7,579,462736,1,3096419
32,101244,13,782,495150,0,8166065
25,129575,9,410,337710,1,4742918
31,135520,1,438,385337,0,1544344
40,130904,8,734,473350,0,2187030
57,96534,2,808,453561,0,9208149
38,75106,20,572,302084,1,9437247
33,132599,25,398,171015,1,7730713
62,50678,7,403,222257,1,9985290
35,96218,1,513,296536,0,5524105
64,83230,5,464,274021,1,2880164
41,134684,27,819,180956,1,5376751
43,94055,28,583,120744,0,5869236
42,76373,25,816,345599,0,1380069
62,51480,24,463,471234,1,1110957
58,105230,11,363,366363,1,5734071
46,88836,4,390,358135,1,5313696
32,92258,33,416,123616,1,5854487
62,59986,36,566,137438,0,3877668
18,44160,14,439,166841,0,6444408
42,105595,35,545,190558,0,2195344
24,121358,14,694,219934,1,7606964
26,99111,22,786,302734,1,1416561
41,84929,5,775,108870,0,5245871
18,93506,20,816,136694,0,9324436
61,54911,22,483,287068,1,8156406
25,107127,15,319,356000,1,5801436
41,51821,14,823,151407,0,7931344
28,95039,24,828,81379,0,1624913
34,80535,35,446,376873,0,3928339
25,133453,10,603,471594,1,8373356
52,104458,14,527,286500,1,9783376
52,32175,3,401,104353,1,5245576
50,139235,20,716,231068,1,9637872
22,74771,12,515,326175,1,7979740
59,126660,21,706,261144,1,9625146
56,147157,18,698,115982,0,5709751
58,141300,33,798,86683,0,4609134
45,106925,13,764,164091,1,9542314
24,133374,3,381,167797,0,7630604
26,86358,26,664,460834,1,1827150
25,37327,28,462,56587,0,8453659
29,67057,27,347,374934,1,2786852
51,26150,34,810,343624,0,7580470
50,24425,7,628,279602,0,8377426
40,143654,15,415,201599,1,6032793
41,36032,35,636,335713,1,6322675
54,22198,29,446,323295,0,9139480
52,80500,17,622,240246,0,1042137
61,73394,1,742,94739,1,1138925
57,40079,12,312,82954,0,3633819
39,56220,3,793,293935,1,6412319
44,61874,25,586,159373,1,4294900
52,33859,24,413,478519,0,1375233
18,70460,29,779,84700,1,2957792
52,51419,10,321,173728,0,6028427
54,138865,6,648,378932,0,9612670
64,28705,30,619,121045,1,1431978
31,62880,9,425,481058,0,4502646
20,149838,38,576,194972,1,4891865
18,43236,12,503,440136,1,6983943
22,107955,30,493,392203,1,5150579
43,105514,6,846,51881,0,7986595
31,123145,35,585,476253,1,2760143
56,35358,19,356,444846,0,9614295
44,119713,3,602,332933,1,6539004
26,114914,6,462,438227,1,3242365
32,122870,0,318,138059,1,3761856
32,96918,12,669,264566,0,3071088
43,139179,21,563,358295,0,3113048
59,136243,20,412,492136,1,1029813
30,34596,21,787,159388,1,9079823
49,53572,27,626,248303,0,4211407
56,98757,8,841,315406,0,5860345
49,21279,25,364,379125,0,6971143
21,83197,8,591,433095,1,7501211
47,131496,14,324,435243,0,9662149
54,82516,9,848,131972,1,9296335
40,27083,23,300,387629,0,7646854
56,140674,7,848,104722,1,2615181
62,140307,23,440,401643,1,5034649
32,146457,15,487,231890,1,2350816
60,129397,25,427,473148,0,7767315
46,37771,26,500,319045,0,6101118
53,49975,36,426,167473,0,3821058
30,65648,3,556,320741,1,1458819
49,145641,23,846,441775,1,2208060
24,68285,18,493,376053,0,6353369
39,39063,35,403,384535,1,1444874
45,87642,38,834,265286,1,6685645
19,110093,9,564,451479,1,4928683
59,134390,24,683,375437,0,6001945
62,106143,17,559,293896,1,7922795
23,57599,18,713,206877,0,3054048
45,71920,35,657,61874,0,2063692
45,48529,9,374,274137,0,5738637
61,55954,32,654,398546,0,5230013
61,47856,4,487,326223,0,7072929
37,22573,34,589,493066,1,5051939
47,98344,33,344,384923,0,1869953
28,55367,32,382,145408,0,4098056
45,122337,20,422,452234,0,1713806
42,126732,16,657,170606,1,7999244
56,119608,21,827,492716,1,5193616
50,80774,36,365,170062,1,8084335
18,43752,14,674,62100,1,4439187
44,75029,34,461,369165,0,7423827
30,37685,27,679,200872,0,7674106
58,71693,6,657,440270,1,6216813
20,136739,31,487,244472,1,1750774
56,75961,10,621,404590,1,4357963
23,126937,9,749,341581,1,8073575
25,144956,8,773,284196,0,1924993
44,96908,13,312,257609,1,1353791
26,145537,12,483,489891,1,2384525
54,146678,24,410,201014,1,4517778
50,94532,1,807,333006,1,8719585
59,101994,34,589,323813,1,1116220
61,76133,6,594,433363,1,1221421
41,117425,20,750,234844,1,9737925
32,145055,17,514,328060,0,5982732
49,81268,2,326,323022,0,4658997
49,112201,38,530,315129,0,7897012
41,58243,10,620,254720,0,2417191
58,77384,38,532,91235,0,4347526
29,51653,23,736,331075,0,4477983
56,46657,18,832,142876,1,9109074
19,59952,3,702,50336,1,1689925
20,42180,25,352,355077,0,3681478
54,117432,37,612,357680,1,3993220
34,141829,31,580,119504,0,3932878
19,148377,38,330,149214,1,3830527
19,98411,35,636,232220,1,7173049
45,21622,39,482,163936,1,7814276
40,68756,36,322,66279,1,1822564
54,60809,32,843,249737,1,9242184
49,36725,35,745,153751,1,6044316
50,81396,2,373,416577,0,6658565
18,71226,8,309,121386,0,4471888
36,126296,7,783,136124,1,9256327
19,101182,32,755,417894,0,8537812
61,102565,5,459,389629,1,3548600
43,49402,38,313,386199,0,5943114
49,24263,3,477,141911,1,6198245
23,143489,12,711,410762,0,2985404
49,116523,1,352,247742,1,8741986
21,66828,4,707,497244,0,7787702
28,140824,26,321,271094,1,3126861
34,67924,31,329,426036,0,4779337
55,94182,20,559,287723,1,3051723
41,113065,7,504,383272,1,7289189
22,79052,37,358,461324,1,2048939
51,31664,7,770,364639,0,5689133
23,55737,2,765,132806,0,5178465
39,121332,2,311,405329,0,9785064
28,109563,21,589,257605,1,6708297
33,49373,5,653,280097,0,1898704
50,137369,1,374,495725,1,9563645
26,56397,22,740,247478,0,6243762
23,148575,1,540,220591,0,8753472
33,106145,37,453,361793,0,9231691
46,121371,16,395,215596,0,2696609
20,58709,34,593,214957,1,4569769
37,136074,33,508,487585,0,4609684
53,81120,22,642,282204,0,1028885
36,39250,29,387,407546,1,5590723
43,41172,7,689,342820,1,3812753
20,31555,21,624,376237,0,5589764
36,107410,35,456,490980,0,4129985
37,98617,4,436,231871,1,2379339
49,73276,12,727,391558,1,3118736
24,77492,28,751,405239,1,9045409
58,73002,30,440,293154,0,1819973
50,140103,15,382,122307,0,3650503
57,144938,29,476,407576,0,2118844
56,109599,15,497,344067,1,6701048
35,92355,11,720,429593,1,4894142
57,111248,16,700,285998,1,7462280
18,44762,15,770,359718,0,8042049
28,31046,11,517,486607,1,6638663
45,116999,7,474,171757,0,7226659
42,144130,19,322,103664,1,3781652
40,136021,2,534,379528,0,3091219
48,48769,15,312,343171,0,5217635
47,73302,29,400,216536,1,9836621
59,43150,22,835,346629,0,3286319
52,88247,27,822,309438,1,1931253
24,24853,39,751,200528,0,2844053
33,114613,4,730,347698,1,1542955
43,140900,19,832,359066,1,4307735
19,109399,39,592,325553,0,5791126
18,41792,0,400,250399,1,9761753
29,79129,29,801,272472,0,3053413
22,126019,20,603,348783,1,7685941
54,94478,19,839,281182,1,2657387
49,133811,5,654,331836,1,3791241
26,134130,21,602,139037,1,9037821
58,87298,17,795,259912,0,2220985
52,51987,7,526,235272,1,9734352
36,35850,38,535,274135,1,3604325
33,32112,31,754,238487,0,3761623
20,141789,32,312,68074,0,2676850
37,44058,15,509,196621,0,4783799
41,65420,11,696,342107,0,6709716
50,58890,37,399,277434,0,4886932
41,86017,33,330,282679,0,1432184
28,67304,13,827,102265,1,3336806
25,52921,35,628,66061,0,8517201
53,125921,32,465,209882,1,3908087
55,21524,22,758,163502,0,1658139
57,120424,1,399,334944,1,3970424
37,35048,20,472,428336,1,7592863
52,55111,1,461,306505,1,9234955
42,57904,26,562,157228,0,7608687
52,74912,8,573,256548,0,5105513
42,54008,0,302,340198,0,7215241
46,20060,10,327,226469,0,5317293
35,94666,2,625,63233,1,4061481
63,103559,22,448,292277,0,7053912
35,75337,25,839,206140,1,9688458
19,130616,3,787,377871,1,6604065
52,33350,17,737,402754,0,9429747
33,44354,5,364,382597,0,1303446
58,65186,34,655,154135,0,4371484
53,48145,21,832,469048,1,2398558
50,54020,14,551,420608,0,3761158
21,106123,21,534,267314,1,2717479
50,126667,36,526,63682,0,2045716
31,95186,11,824,204455,1,4823873
38,105469,37,612,370304,0,3961937
37,40581,17,348,274404,0,4693793
25,108929,34,417,335810,1,7115762
24,43051,29,353,370961,0,3553589
20,71474,23,343,141198,0,7197649
34,111748,29,352,477858,0,2698413
50,145995,13,824,91830,0,1137799
29,134618,5,401,60234,0,5960124
39,89626,2,697,107616,0,9570397
39,26960,15,437,321365,0,4817780
63,55772,6,686,192482,1,8895945
47,41520,13,410,261127,1,9151382
55,69481,8,316,242485,0,5170163
55,56408,14,481,51051,0,5628656
62,114006,20,835,422673,0,7144138
25,148496,34,840,126918,1,6882049
44,77134,1,470,128116,1,6688505
44,40491,26,708,434370,0,8687331
51,21341,1,677,499779,1,5306080
38,64623,34,487,278931,0,8073575
47,110327,17,529,356901,0,7805080
50,20338,13,418,433152,0,1212803
45,91431,19,455,258547,0,3255913
64,32254,17,764,494473,1,9006546
50,71860,9,403,276572,1,7789329
22,31344,24,801,181379,0,5215645
36,21750,1,474,106889,1,7651154
21,74756,24,720,276256,1,3870581
52,87957,32,433,348088,0,8689935
34,125423,35,690,411699,1,8015232
61,78053,30,800,88134,0,9120459
45,90855,13,332,470539,0,6014049
47,35896,0,354,252834,0,7600500
46,75761,15,818,277579,0,1078840
63,82552,2,311,75954,1,6408647
23,140075,34,827,236093,0,1161297
52,97454,5,672,402103,1,2931375
58,146522,24,783,276999,0,5243460
54,138681,12,527,260938,0,3305433
41,110600,33,606,251499,1,6926069
46,142732,7,756,317136,0,5220242
63,132153,20,459,51961,1,7739202
48,142926,33,630,62497,1,3087001
52,47935,3,524,475767,0,3681722
50,57641,24,803,306446,0,4455673
38,49711,14,755,498971,0,8605502
49,90342,3,344,325399,0,9261195
40,126896,11,513,185639,0,2731530
50,32182,31,358,360991,0,6358699
20,107833,31,494,285889,1,7773329
35,76276,27,788,229075,1,9530508
42,39541,12,456,70389,0,6552612
59,114457,30,525,225595,1,8089109
48,102310,13,711,435946,1,7829313
20,64813,19,504,373720,0,7212695
57,57198,17,378,356063,0,5790287
63,28820,28,423,263175,1,1253078
41,44070,5,770,53358,0,1368893
49,89768,31,517,400679,1,4101883
64,31122,28,815,302557,0,6398856
39,100559,1,403,257596,1,1715295
40,93543,22,692,304488,1,2878798
19,103441,18,733,155982,1,5000740
44,61786,30,630,278129,1,2054212
59,114934,4,442,317842,0,3358730
19,119804,18,839,378953,0,4485001
43,26737,33,577,143079,1,3080563
34,56062,9,532,105805,1,9672424
57,74237,24,828,212421,0,5715697
50,71571,1,389,257849,0,6243534
26,45510,10,791,493464,1,8669510
60,39426,30,498,387177,1,1125851
56,57265,14,661,288483,1,3650527
46,37850,8,740,410383,1,5861282
59,138249,22,325,442551,1,1794878
43,86150,18,324,94041,0,3053262
52,107312,8,693,344098,1,2937135
42,109613,34,806,320146,0,9186565
41,94910,20,600,381927,0,7449728
30,72375,8,638,157524,0,9614787
24,141826,27,566,268306,1,3072171
53,55435,6,760,437001,0,6460388
62,116443,15,755,69738,0,9381660
37,77132,15,659,322847,0,5544340
18,98945,32,367,163776,0,7112240
25,102050,3,711,230494,1,2200346
63,149828,3,790,242971,1,9873895
33,115402,38,348,455608,0,7214294
31,22983,39,401,356868,0,2760399
29,117241,16,515,344443,1,9684509
40,40662,36,737,327785,1,7136062
32,43510,38,458,391678,1,7347572
45,98187,28,788,318449,0,7435689
51,60998,35,541,279334,1,5143403
19,76846,37,304,330926,0,3203531
49,114071,38,660,390401,0,2069412
40,26640,36,758,286371,1,5415743
39,64547,34,547,127963,0,4303131
42,74620,6,721,171987,1,7266376
39,35317,26,314,201638,0,3953028
39,135608,27,421,174591,1,8490291
59,27564,21,576,117766,0,6385909
23,47345,13,752,56511,0,1397595
32,133824,6,689,164816,1,7188343
60,114223,36,593,299432,1,4793092
54,143372,21,745,469393,1,2731041
50,99273,4,509,316909,1,8734125
25,94859,1,601,201426,0,7113100
61,100765,26,522,336073,1,4590511
61,130017,20,302,209892,1,3417209
22,94038,37,817,161576,0,1526925
56,143618,14,392,472739,1,7757450
21,72393,20,819,121088,1,3925609
23,86081,9,727,127525,0,1606752
62,145341,22,792,63780,1,2339462
49,122650,38,534,318733,1,7827575
47,49430,4,460,478028,1,8687268
64,95532,0,630,405808,1,7117682
52,47788,12,632,489155,1,8204425
57,115505,20,349,494709,1,6158570
33,68543,25,822,154188,0,5823416
30,33919,20,791,143326,1,6210766
59,89346,17,571,353097,0,2137317
47,116122,36,551,115785,0,8358862
36,59974,31,389,69309,0,6560068
34,127309,35,745,104195,0,3957532
36,36371,16,631,75901,1,3166354
45,65084,34,438,204648,1,1299189
43,49629,10,656,474724,1,7508850
54,71184,20,573,75464,0,2559049
43,81916,25,318,328404,1,7136821
40,147293,3,610,174997,1,3374494
26,93972,33,453,347584,1,1504655
29,82187,17,689,407226,0,1236824
18,32984,39,559,417727,0,4149409
18,53039,34,424,106683,1,5548003
64,105431,28,653,436350,0,5025282
51,103691,28,572,222502,0,5166289
49,78606,37,544,445203,1,1093246
42,30616,20,749,206177,0,6338744
57,122665,12,546,128484,0,9597494
62,125373,16,819,299819,1,3367713
18,70072,8,440,456242,0,5063068
33,44574,0,661,380453,0,3284798
56,23430,1,307,358071,0,2532337
22,139123,28,777,256486,0,1783566
39,32676,32,651,355090,0,8596713
46,30816,9,794,438647,0,1779105
20,52733,39,726,499777,0,8097065
29,105680,20,338,191449,0,1220326
43,22050,27,486,103592,1,5513552
33,129996,10,392,188419,1,7637935
54,53933,33,385,345920,1,4522810
39,44951,7,343,446999,1,6480354
46,52413,21,436,105798,0,7575273
31,54801,7,720,185370,1,5447321
45,75619,14,373,382348,1,1651824
22,52913,16,847,398351,0,3906405
64,132573,22,811,412500,0,6866645
47,139076,23,455,498377,0,9069552
63,60600,18,554,372796,0,5569146
22,77775,4,470,477700,0,3470856
29,110816,31,469,441716,1,4139782
33,149972,0,621,293767,0,2650224
43,110093,22,755,70922,1,2348055
43,132590,36,454,477244,1,6095670
38,55400,7,648,463532,0,3230653
56,24494,12,750,389140,1,1584942
53,100688,7,472,460184,1,5563870
50,142744,22,309,342410,0,2420654
47,109431,0,564,276817,1,9355425
54,94691,23,737,467216,1,6869494
40,117419,34,546,457227,1,9737456
27,128730,23,845,52866,0,2481177
22,63001,16,798,162669,0,1166991
53,87364,4,428,318042,0,5291256
51,144988,19,626,330539,1,4992942
48,65028,20,703,220091,0,5660110
27,127434,39,658,316150,1,6914063
36,117659,30,316,215465,0,9491485
49,57573,35,573,323100,1,8998883
18,20806,10,415,493258,0,8961813
22,144343,14,390,449294,0,7962544
62,76638,18,381,472847,1,6118805
21,148301,6,623,407820,0,2545329
33,146295,27,413,171724,1,4072753
41,126506,4,357,112901,0,1391670
33,49757,4,453,419371,0,5626043
19,54636,29,703,250569,1,8627339
45,100097,31,565,167192,1,2350339
49,68280,7,614,222646,1,4734942
44,44262,9,340,343561,0,9429241
37,100435,37,404,400164,1,4850404
41,82211,31,492,395783,0,8792590
29,74842,27,700,144881,1,3821105
52,148583,16,577,292934,1,1926109
50,76979,30,653,482670,1,8659564
50,134524,7,555,182659,1,6455249
60,101470,39,398,171688,1,1708669
54,58197,24,581,165584,1,7318499
29,61844,8,702,235782,0,5227939
20,84754,1,408,398711,1,3307539
18,121868,14,498,272820,0,3596882
50,54157,2,602,388030,1,4947526
57,97129,35,626,462032,1,8433976
27,60042,3,453,266896,1,5650100
60,81665,13,704,341576,0,3998851
61,135512,24,761,229689,0,4661306
46,136953,9,431,384517,1,1997057
30,102856,20,383,215289,0,4674153
29,47376,35,698,333028,1,5748584
48,129049,11,408,317598,1,8303398
63,75554,26,520,124960,0,3212292
19,34199,39,667,152421,0,5370297
52,138533,1,446,288245,0,4618313
40,101412,12,411,93618,0,2384410
34,70948,31,793,97111,1,9674708
43,93781,30,804,482829,0,8330395
25,92750,15,774,266750,0,3048880
46,86262,31,570,170592,1,3469606
43,137424,31,720,284000,0,4039316
27,66600,33,666,305989,0,2045533
43,96898,10,579,372137,0,2285844
51,82483,9,582,178652,0,5673584
58,38297,14,339,452064,1,1787600
24,50448,16,488,128672,1,5501572
21,46172,39,463,300351,0,7961848
62,62874,17,835,378269,0,6557821
28,27657,8,835,267516,1,2485619
46,104386,24,303,429653,0,2838524
53,145617,39,589,111602,0,1122026
42,45425,13,732,253117,0,6122194
38,46685,24,770,287069,0,1735053
53,142000,21,480,92222,0,1562167
27,132855,29,547,361367,0,9700349
54,44578,19,578,291084,0,2658800
26,48831,20,553,292318,0,2807737
41,27906,31,480,115333,0,4751531
52,81413,20,808,233804,1,8919710
52,74028,34,625,434794,1,4031301
53,27287,31,656,99420,1,1144454
35,53660,29,690,125504,0,8681556
56,95758,38,384,52462,0,1254043
49,80504,11,616,321604,1,5837502
41,79720,17,511,149319,0,5814647
40,122979,20,814,306674,1,6631213
49,54701,12,683,190347,0,5924374
54,103300,20,641,194341,1,2845733
29,130177,7,337,179593,1,6800629
30,37674,39,810,172672,1,8905435
40,103560,6,719,385064,0,5304388
42,131543,22,468,334697,1,8321105
52,43874,31,642,467582,0,1473006
58,63642,10,605,94036,0,6584581
47,143867,21,841,198441,0,8149148
34,117820,21,836,192867,0,9462176
37,85160,24,411,120021,0,8256300
42,37602,21,710,419349,0,2197442
39,123320,27,505,211215,0,2199529
30,108801,28,484,472641,1,2790228
36,45931,12,681,400353,1,8052514
53,114377,17,795,387283,1,3323176
29,49192,1,678,286304,0,9860286
58,66542,28,346,55368,0,7017004
36,147015,20,827,185693,0,5208694
29,62520,14,803,108829,0,1497619
26,84772,26,321,441180,1,1218547
24,78762,30,512,326863,0,9940203
45,70106,14,609,79227,1,5421740
31,101121,22,571,159430,0,8364534
48,45559,23,501,450782,1,9353135
36,125595,12,331,62306,0,4858804
64,53742,21,742,103822,1,3325452
33,89669,36,461,74042,0,6212360
22,100199,32,553,458302,1,1928252
52,41754,2,820,198459,0,9975681
29,23972,18,779,470258,1,1600338
42,90831,22,309,139424,1,1074231
38,132217,28,804,232690,0,7365062
53,61873,29,735,273122,1,6546686
40,114661,38,410,199395,0,4526185
33,126532,24,452,68019,0,5145466
56,146267,36,401,387570,0,3593050
62,29903,7,490,90863,1,4113534
59,23020,15,380,161023,1,4600957
56,61755,7,788,191355,0,7453859
31,105956,0,387,461495,0,9905808
48,106988,4,493,359143,1,6124524
22,65648,2,403,112780,1,5377987
52,123537,0,395,335052,1,4839973
40,145991,3,722,242656,0,2363864
46,29516,39,497,438422,0,8536324
60,132863,34,300,425146,0,6421251
28,135005,31,706,493441,0,8228119
35,22396,33,677,219024,0,2960220
64,104082,24,466,150706,1,4000264
29,39129,9,808,218735,0,4514674
26,148322,20,612,172019,1,4073961
27,21591,38,717,421852,1,9606776
61,31303,26,776,242453,0,1148178
34,50561,26,372,229001,1,9446731
55,91719,1,440,321487,0,3208977
24,138618,12,561,388317,1,2217309
63,112108,8,639,150260,0,4370698
30,148748,35,607,220863,0,9344854
57,119616,21,544,210206,1,8315664
59,144165,25,814,228173,0,6132928
26,106231,11,636,119443,1,7874399
44,27314,16,375,280183,0,6860616
19,137071,13,474,369674,0,3275598
22,39623,13,408,490015,0,5892571
46,87675,33,482,185899,1,5491260
54,132992,19,491,146143,1,9779116
55,116826,10,364,243725,0,6948491
36,85082,15,773,194771,1,1036160
25,149839,30,399,426671,0,1019156
62,103624,5,843,298044,1,8416240
18,125228,18,427,186385,1,3570348
39,53130,36,751,194670,0,3562688
34,71756,3,668,161362,0,7964745
24,117624,3,342,296517,0,6474106
42,46292,19,718,340951,0,8795807
62,131785,9,787,250462,0,5914005
21,147331,23,377,226298,1,1881809
53,106206,34,569,109550,1,5499311
23,89274,25,614,315702,0,7356895
48,22469,36,467,362257,0,4808282
36,73947,37,638,365143,0,1645649
61,42534,20,492,236950,1,9601594
56,83620,39,752,479559,0,7125488
44,68874,38,582,108219,0,9418385
27,69708,20,635,216258,1,4402155
43,94553,9,689,480182,1,4827271
36,88344,37,824,214841,1,5614965
56,69138,3,539,301004,1,1198110
20,74302,19,782,307336,0,5079430
62,67638,16,757,286495,1,9803235
30,98249,6,388,103218,1,4732517
45,125865,3,394,331373,0,4291066
37,22719,28,751,387353,0,8764461
45,42890,13,727,77877,0,9119550
25,97236,2,450,239073,1,9336562
58,56509,23,813,409281,0,5753954
56,62534,36,675,350228,1,7605188
18,122302,15,321,393924,1,2699547
20,112241,3,612,197878,1,5400131
30,38787,23,818,269707,0,7494374
45,146209,33,505,291249,1,8638483
42,68845,29,674,87034,0,9731032
50,77932,17,750,221389,0,3940107
55,112124,18,478,367612,0,3050241
23,111659,30,509,462310,1,5934349
61,53062,18,799,238868,1,2156245
62,95713,18,763,60589,1,5926622
49,107263,21,423,107221,0,1158998
62,115756,23,412,305927,1,4762853
64,80461,11,311,313801,1,5050230
38,95418,29,425,410444,1,7184398
33,86672,37,630,167229,1,9206336
38,148232,30,582,351675,1,6170310
28,54832,35,439,102227,0,5461918
54,147335,18,700,315308,0,2808516
53,51966,35,396,143078,0,1956011
52,92545,29,816,353391,0,4657905
36,32987,32,368,285113,1,4761509
37,57311,17,417,462817,0,5110993
35,51575,27,358,100599,1,9681921
64,83852,10,332,296367,0,2717355
58,147650,32,617,447768,0,6048336
31,21007,16,349,452633,0,7848829
32,90981,5,788,239651,1,5900318
48,96242,3,318,118207,1,8970043
18,67517,19,496,384199,0,9521722
20,130022,26,749,414410,1,5685942
33,49257,14,751,390414,0,7849221
40,107272,5,588,161426,0,6583161
28,62207,13,440,184794,0,4968178
29,33281,10,383,382586,1,1139133
27,81246,38,690,407776,0,4809697
49,21435,8,514,221103,0,8637547
33,118875,25,825,260307,0,1270001
25,120686,15,514,71438,1,5617631
55,111357,4,702,108819,0,2399298
29,46660,9,427,93856,1,5147413
41,25084,2,776,476792,0,6857109
45,102197,12,703,354082,1,1782409
25,33507,29,328,492244,0,8876146
45,92595,5,637,109807,0,1713391
53,103807,16,660,362021,1,6755536
43,65539,18,691,93461,1,1337164
25,135953,34,517,143474,0,8869815
45,27491,25,501,483685,1,3763779
45,147706,4,316,395280,0,3858214
54,132831,28,621,332579,0,3234967
58,70192,36,817,265189,0,3020880
53,100395,19,624,457407,1,7919219
44,143797,20,711,396870,0,5243780
34,83888,9,617,304730,1,4893193
26,93609,4,381,296732,0,6681868
50,29077,35,773,470602,1,2255959
37,137440,5,767,212793,1,3113687
30,142901,25,724,104786,0,7620090
45,40953,3,503,325848,1,2619426
46,96919,38,686,106635,0,8005351
30,134682,38,397,445339,0,8570095
63,141041,34,644,402854,0,3138421
52,87889,0,507,290909,0,6023198
23,43821,23,813,295984,0,9673899
35,57567,35,465,375137,1,2649959
22,135374,5,321,162752,0,8059916
64,44860,30,453,261194,1,3188077
42,41195,19,738,278584,1,5784973
19,97475,23,594,468632,0,4769484
27,110874,24,518,182886,1,2290906
47,107266,35,794,128537,0,2435367
62,41427,20,529,362402,1,9312048
22,120732,29,319,197580,1,4246849
50,47083,23,447,135166,1,9654584
18,107046,29,407,259988,0,2605196
35,77372,21,702,425854,1,6387059
49,143786,27,782,347843,0,2045851
64,64064,6,666,358479,1,9466602
28,27813,34,713,358950,1,3664921
38,51598,27,608,389997,1,2434730
43,132718,13,433,244840,1,5071650
42,146879,9,582,347883,0,5354489
39,113106,15,372,84785,0,2958615
44,47082,15,780,213052,1,7502483
30,49241,30,651,281791,1,1978534
50,116214,24,625,397160,0,8701516
51,64569,12,742,444825,0,2318155
58,31745,5,399,116253,0,1984588
52,46029,8,358,141128,0,5449399
18,33025,35,807,471357,1,5002761
38,121660,19,557,211081,1,1481632
23,143395,17,712,439725,0,8723047
45,34288,20,751,160966,0,7541173
34,109186,3,364,187854,0,8998799
22,26540,32,453,149352,0,6275820
48,117768,26,565,469149,0,9918562
22,101958,6,378,389298,0,8639298
55,88878,5,614,189379,1,8496196
20,61846,14,547,273279,1,6104138
40,121148,17,713,287281,1,1026505
54,95932,31,324,158297,0,2650375
54,37482,10,583,256946,0,1212204
27,43411,19,748,88346,0,8050305
27,70975,23,600,162138,1,9916776
36,80545,14,367,362916,0,1973215
34,132302,6,306,90149,0,1567827
38,98797,20,436,398844,1,9325857
31,72307,25,463,208598,0,2267633
26,23093,13,382,408902,1,4684815
63,97258,36,719,178447,1,3026182
18,42042,20,372,55695,0,5638246
62,72930,17,536,89169,1,9437392
30,137584,4,345,360091,0,9377900
21,64413,2,561,228296,1,3210186
18,133387,22,475,358009,0,3531196
57,113623,25,465,206625,1,4200090
49,117883,36,669,416645,0,1053997
51,53756,23,353,372554,1,5375717
45,73268,18,718,415898,1,6607423
48,59214,24,806,403039,1,3940504
25,101871,20,640,468032,0,5934990
56,147844,11,426,236098,0,9057907
43,48602,32,708,362849,1,6721877
51,73331,3,666,242994,0,9959601
20,68901,6,570,427844,1,6856494
29,119986,21,678,386058,0,8760004
18,83416,32,372,51881,1,7102493
61,52196,16,547,482783,0,3593449
22,148386,23,342,359509,1,2018543
47,25626,33,676,129211,1,9773713
47,27424,27,340,206078,1,7774870
34,32857,38,469,353342,1,8104527
64,130459,21,511,466047,0,5227234
40,135621,16,792,412793,1,2121889
32,39982,33,338,459675,0,4258881
54,96961,5,668,475659,0,4631453
38,21980,5,450,485532,1,7524367
31,68290,33,410,277203,0,6338938
19,46431,0,779,245558,0,3185028
28,104976,9,735,186949,0,5803958
56,127288,20,346,89553,1,9926299
55,102711,4,665,448138,0,4487924
51,134187,1,368,434922,0,1772838
55,46385,21,598,429162,1,1261420
51,58158,1,595,185758,1,1477843
35,43019,9,502,82766,0,5529943
47,38639,33,360,344150,1,5552538
32,105530,15,613,81422,0,2825260
44,119911,38,460,428734,0,5775833
51,41563,21,630,324349,0,5187694
55,59341,11,827,204599,1,4099834
50,135672,23,637,292555,0,7771158
41,25776,39,603,461659,1,4564507
32,56444,37,802,459740,1,5299489
47,88916,9,637,428621,0,4182132
59,28711,34,849,78202,1,4440863
34,94318,31,574,489358,1,8986322
22,102970,6,463,373836,1,7637448
46,132301,20,742,263456,1,8135580
21,105553,19,618,70855,1,5802738
27,50707,25,803,241444,0,7779651
34,59110,3,686,337239,1,8871490
27,149410,21,793,481940,0,1144375
34,81788,14,789,361385,0,8673919
37,102879,39,372,153119,0,6713948
41,58827,20,808,102003,0,5229491
22,127188,14,689,144837,0,9060426
51,25655,21,594,273068,0,6183584
23,64859,27,668,406427,1,6911993
19,73625,13,848,459188,1,4183818
30,72098,26,486,173805,1,2518560
60,35251,39,744,405990,0,2894420
60,142413,27,662,335071,1,8069222
28,20526,25,422,432733,1,8658206
64,88760,1,487,165657,1,1541797
40,67837,24,719,378774,0,9305827
33,145133,2,551,154428,1,7557642
48,149478,7,848,172035,0,6436526
28,31536,32,634,495563,1,8639377
33,48541,34,391,280780,0,2796218
25,99083,5,829,438388,0,1552226
21,71027,38,362,267282,0,8514782
57,54531,22,811,119518,1,6098907
21,28712,24,438,226355,1,9649318
42,124101,18,484,393470,0,8139608
20,85455,4,504,193277,1,8707690
49,94744,10,513,170243,0,8003621
20,141787,11,555,324892,0,4803074
44,149749,9,434,464313,1,8416510
46,25109,7,387,446308,1,8467133
49,141332,23,506,103311,1,4507145
36,69268,27,428,72692,0,2778244
38,120737,35,302,174954,0,5782337
22,74615,36,420,204934,1,2180859
35,102503,20,684,442179,0,7733214
45,143274,7,337,271468,1,2980425
59,49759,8,640,391651,0,8441521
39,105708,14,320,130152,1,9077813
38,80112,39,541,54926,1,8694420
23,122471,17,754,53969,0,3941616
18,146740,19,602,85733,1,3474370
22,143153,5,368,381999,1,6604297
58,46589,11,428,91743,0,8105924
29,50015,1,495,180193,1,3078937
43,49009,6,439,220948,0,9915948
63,103309,15,743,419589,1,2355097
51,146446,2,582,70323,0,3055397
31,82046,2,611,328572,1,2079037
43,126661,26,834,84578,1,5151951
62,46143,39,576,136486,1,4155200
44,26154,37,360,376284,1,1855695
26,41804,32,618,307450,0,1112036
43,61688,27,351,157325,0,4831854
64,84288,0,452,395973,0,1889694
39,71195,7,610,318508,0,1590348
64,40581,36,843,441011,0,8695082
47,72648,31,688,478565,0,5066981
60,50087,36,847,181763,0,5467801
34,69930,3,476,307971,1,3183525
43,52981,29,661,145598,1,1693464
53,89298,5,613,247539,1,2577415
18,66167,18,396,226968,1,5262663
25,95304,31,512,107062,0,4593824
52,63408,8,436,278338,0,5668223
32,59499,11,305,260834,0,9036837
64,145816,10,408,194933,1,2358356
39,72269,15,846,277909,0,2515719
31,58559,0,338,138302,1,5141426
43,134126,20,724,113928,0,1837566
45,94319,29,560,264303,0,7642516
40,131925,12,725,91347,0,9483063
31,115317,33,386,53121,0,9123155
41,116347,3,764,133793,1,2223981
19,68787,27,375,78164,1,3336798
62,55488,37,770,337635,0,3158344
43,94441,30,713,109222,1,7483214
31,94663,26,756,204237,0,1835165
24,42431,4,584,53748,0,2734428
20,81681,24,538,76553,0,4822069
64,83483,2,671,166547,0,4144787
40,142720,32,794,110380,1,9346988
63,69153,3,344,94331,0,3812789
60,26368,24,700,277105,0,8992726
64,47424,19,546,170617,1,9844712
62,132360,33,749,351704,0,3166503
35,65004,25,784,366009,1,9045391
55,103869,4,317,489902,0,9622693
52,108652,34,588,125910,0,1498095
32,132755,27,713,447891,0,9410184
42,76985,28,534,390130,0,4330263
54,70069,8,715,257288,0,8366604
45,72326,37,798,60068,0,4665842
27,128737,5,414,104460,1,3791338
56,101061,18,533,412910,0,4337031
34,43398,10,839,96418,1,9234025
56,118393,1,310,338350,1,4945123
39,70861,8,505,178180,0,5768026
43,95897,20,546,312431,1,5083501
61,101905,23,426,72337,0,5836161
42,147118,33,446,201738,1,2780248
34,88577,21,417,297667,0,7126664
30,85641,2,681,182233,1,8709824
37,29078,11,711,412811,1,5795817
42,45003,27,662,402215,0,3180019
21,82768,29,808,148064,1,1779957
27,71047,25,436,481967,0,2913980
20,91626,20,474,418655,0,2507394
58,77660,27,588,457974,0,3979845
62,124386,25,780,296686,0,3712188
35,69786,32,318,53178,0,9642873
64,21925,20,494,81831,1,5713797
53,103976,34,629,183248,1,1910913
64,125221,33,474,153306,1,3057017
39,137832,17,748,214726,0,1653817
51,145150,10,653,304292,1,1996433
64,46015,22,798,469843,1,3581505
25,53320,21,440,233622,1,7555851
57,84881,16,392,424169,1,5108949
61,110827,4,538,225982,1,7128420
36,140071,10,504,140417,0,5876691
59,122215,29,732,239323,0,5674071
58,46289,14,544,478638,1,5203887
54,148859,26,616,61984,0,8138512
23,23389,34,594,139312,0,5036480
43,45683,32,581,242458,1,8567476
51,33629,19,316,133291,1,4486444
62,81550,15,370,319279,0,8163357
23,44826,33,568,50320,1,6509165
54,120734,1,624,202756,0,5873014
50,46630,34,604,499129,0,1468298
39,118762,39,750,400918,1,5330453
38,66163,27,306,465105,0,1570303
23,118511,38,613,276921,0,6170988
23,86435,5,402,410215,0,4317657
21,31653,8,492,229971,1,4336640
47,47961,19,828,305083,1,6000738
28,101941,0,470,453986,1,3660891
47,94137,7,836,482537,1,7995919
48,53662,22,550,159863,0,5616167
41,118818,2,686,91777,1,9947727
26,76446,3,506,96250,1,6998544
20,41288,24,840,385178,1,3342094
48,142555,37,715,417084,1,3192271
57,115081,14,679,352274,0,3845376
54,56877,20,443,230418,0,4956558
53,131562,34,324,445753,0,6236441
41,35313,13,372,265834,1,4731570
48,100885,35,392,65216,1,7342211
23,92715,11,804,396293,0,6831052
19,30326,16,635,53009,1,8939174
37,130091,38,724,402048,1,4254449
45,145836,8,798,210399,0,9994006
28,21560,34,663,195281,0,5307910
21,99148,12,498,229515,1,4322918
32,103186,14,712,65029,1,6271810
23,46745,17,638,260515,1,5935371
47,51890,32,728,238069,0,1260102
55,40022,5,438,414315,0,6516825
19,143629,26,841,164456,0,6818528
32,72579,22,356,374703,0,9214372
28,90316,26,531,377036,1,9536239
25,103847,33,734,382553,0,2343054
43,48380,37,683,451851,0,4159016
62,130198,13,493,345209,1,2726334
61,22356,35,833,292471,1,4353030
22,90326,7,817,432688,1,2847199
23,112447,34,484,419484,0,2638004
43,134994,18,591,83783,1,2729187
21,109899,29,634,84152,1,5461595
36,40049,13,415,108741,0,6817676
37,95717,19,348,419193,0,4460096
50,125361,24,381,494718,1,2330363
37,36082,39,632,79092,0,4446839
29,20661,23,634,198725,1,4113506
64,57412,13,831,280636,1,9167197
18,134015,25,520,221541,0,2561014
43,143191,37,622,304136,1,5589369
31,22920,22,302,398627,0,7621778
55,111194,21,505,433729,0,8531844
54,134306,18,339,371898,0,4257983
28,80315,2,358,211050,1,7902066
53,99561,18,806,137592,0,7073877
30,28946,8,421,406687,0,9033651
60,114242,27,778,93169,1,1751972
20,65500,19,395,491503,1,9648035
50,124540,6,713,104745,1,4631171
23,36309,13,534,160168,1,8973155
27,75230,8,361,163985,0,5976820
22,131822,18,555,317687,0,4743185
40,118656,13,647,237464,0,6768212
27,143782,37,423,71067,1,1024363
61,50027,35,781,101033,1,9783406
19,146768,39,616,95256,0,3045990
30,92541,16,803,271705,1,6178652
57,132340,29,347,289455,1,2385049
19,134846,8,708,250417,0,6567248
37,79321,32,435,465407,0,2498447
18,20956,24,500,136803,1,2545288
54,120375,13,549,253814,1,9182320
26,94131,10,613,168843,1,2595123
34,67908,34,667,78992,0,9839008
26,98339,13,728,262603,0,6264482
28,145659,29,779,98803,0,7130158
32,45963,3,613,422119,0,2391538
41,121757,3,799,244549,0,8219155
55,59443,27,654,194282,1,7817281
52,119259,7,784,76270,1,7701810
47,59063,1,510,448413,1,5107560
48,134225,21,343,294929,0,7993018
22,136400,15,840,57452,0,1171236
61,100818,28,391,353630,0,4010129
31,24703,29,564,64859,1,1089743
28,85128,11,519,470452,0,8426187
26,92099,34,741,475115,0,5112924
51,45849,10,700,82083,1,2955206
29,51860,20,699,379852,0,2138422
52,51585,20,789,161462,1,1758795
52,42015,4,784,197735,0,8632738
18,97539,19,769,405220,0,2764688
57,63585,36,744,299737,1,3957817
39,46958,2,568,331197,1,1239647
46,46017,32,566,192157,1,5514153
25,96707,8,353,473780,1,7098915
28,144677,8,827,401889,1,4772515
58,65350,3,819,240167,1,3942609
54,32201,34,358,119517,0,9158781
31,49426,16,339,202225,0,9813240
47,37778,33,536,186319,1,2572732
52,65241,23,685,453769,0,9016792
38,62229,31,599,464027,1,3740855
54,106652,0,694,276453,0,4340444
22,148267,7,506,449351,1,4750222
36,138402,22,635,186645,0,2380188
31,68364,39,813,129267,0,8530577
43,118833,11,477,188261,0,4060465
21,146503,11,695,392221,0,7723000
42,149044,14,670,486862,0,8770032
62,104878,18,617,388767,1,3818767
59,77056,25,668,181004,1,8864394
42,47490,28,683,103687,1,6864049
35,147769,21,361,380456,0,9958825
57,39975,39,804,157615,1,9511807
25,46723,20,538,443120,0,6531052
56,43279,37,494,77564,0,7321001
57,98301,19,521,340979,0,1424190
31,132214,28,360,57697,1,7743571
49,31561,3,428,130165,0,4472696
55,127435,6,455,254994,1,3120677
50,86061,27,677,460262,1,3597979
40,108397,27,736,107823,0,8524132
32,69153,3,506,496586,0,9294919
50,53142,21,687,59615,1,3104417
42,46916,11,779,448276,1,6449604
34,84324,2,639,442643,1,1898628
50,64965,21,639,126436,1,4761054
64,145932,1,503,241591,1,3396716
19,24648,23,460,432706,1,3057244
31,55133,33,839,383261,0,3707929
57,70677,26,691,84782,1,5272513
57,116059,0,833,128533,1,4928125
56,114588,7,369,290011,1,5125186
23,119950,22,704,239327,1,4338669
23,118317,37,816,122684,0,9302258
20,90135,5,419,307165,0,8738667
24,55046,21,516,265356,1,5360866
25,67064,24,355,391702,1,3304310
59,121459,17,665,266621,1,1976264
32,126625,16,803,285295,0,9323880
64,89350,11,754,393566,0,8299243
46,65893,5,403,301435,0,4928094
50,121520,25,376,307424,0,6795886
47,145818,26,529,468472,0,7531423
56,81272,7,557,473221,0,3790353
44,112152,18,563,318782,1,6185356
53,142907,0,630,349563,0,3465849
46,87649,28,481,83377,0,3933865
55,84674,34,849,156244,1,7667051
50,144132,39,326,224188,0,8587145
54,139044,13,575,479850,1,7030079
44,128542,34,598,263363,0,9970922
50,33760,19,390,73382,1,7147454
21,41927,12,779,296375,1,8907288
39,106475,37,757,237135,1,3505700
19,81367,7,750,203466,1,1145693
27,117955,19,664,379933,1,2649734
22,32588,32,650,284318,0,1885621
27,141750,25,699,422778,0,1561548
50,121678,38,552,181936,1,9063001
55,124734,20,758,411716,1,5379845
30,138154,8,798,483438,1,8150265
48,72233,23,807,456882,0,2703728
64,64738,36,603,173664,1,5762315
53,53397,16,800,202027,1,4377136
62,102189,23,465,422818,1,1468451
41,96367,20,714,153533,1,5777830
32,144873,38,761,393989,0,1259425
46,91260,38,413,297997,1,9899217
25,140585,12,732,119590,1,8604323
22,96619,10,655,439919,0,7259635
46,131453,18,506,378615,1,5494893
64,39816,10,534,355442,1,2968093
21,62240,12,741,294936,0,3444913
29,26276,0,654,98924,0,7504938
62,133939,39,814,459925,0,8131390
19,124199,18,507,59726,1,4787132
44,99530,11,424,241896,1,4809821
48,43499,7,437,90542,0,9817518
53,108576,7,638,463461,0,5037746
53,128856,11,836,84753,0,1081171
43,102495,32,367,391932,1,3183448
60,141717,25,840,333460,1,2189138
44,91635,38,682,283979,0,3249476
22,127803,27,318,134698,1,3759374
37,105112,4,749,328104,0,4463894
28,55946,7,373,80791,1,1783258
27,75204,24,575,337360,1,2896999
57,71886,26,347,475683,1,3852889
55,91652,22,510,376571,1,8297050
23,35563,29,839,424614,0,8371858
25,112324,22,490,123290,1,2761201
40,112464,19,614,97014,1,3337180
64,121872,17,412,185150,0,4485862
43,29847,17,469,100519,1,2400507
63,46155,1,767,316186,0,5235040
60,99671,3,313,99052,0,6529554
29,136891,29,587,64389,1,8518162
43,103310,32,488,408105,1,8676431
30,87278,35,454,118111,0,3757398
57,38309,17,770,417202,0,1388742
35,20619,36,374,405859,0,1676935
42,103194,18,576,362877,1,8793604
50,70108,27,642,346898,0,1401072
64,54707,39,724,461840,0,7722841
57,40337,19,810,398030,0,3095637
60,145261,32,481,207753,1,3788302
29,101537,11,757,139524,0,8843227
61,86504,14,363,393150,1,6581472
53,67614,38,559,336848,1,9269841
21,111428,1,492,144913,0,5859633
22,111155,28,705,144108,1,5468852
54,20281,9,392,304803,0,8742237
25,47420,1,729,319637,1,7749977
59,100896,10,733,119639,1,1419503
45,59030,12,703,281452,0,7488000
48,21058,9,733,366527,0,8586544
26,106213,13,411,184066,0,9318849
46,96260,17,674,250352,1,8608965
31,48404,8,358,359378,1,1158253
57,123482,38,342,490507,0,9209061
58,125284,27,506,178674,0,4211369
39,49856,2,595,55594,1,2659537
28,29200,19,417,286907,1,2279898
40,84178,5,831,319515,1,3364840
18,53997,26,521,97315,0,1771143
63,45611,1,465,264636,1,7697947
54,139273,28,455,177251,0,4906377
38,61235,37,483,282520,1,2461433
43,137428,2,389,129526,1,4348549
63,55057,15,393,293459,0,8753638
53,21239,29,312,197698,0,6580427
40,123674,39,737,398149,0,2576845
18,134474,1,837,287330,1,1988722
57,85661,16,449,155573,1,3037398
32,146945,11,307,450346,1,4527110
38,65272,34,328,187900,0,5289639
64,109393,0,595,369658,1,7398897
26,81212,14,639,285707,0,2065560
26,144088,25,738,233736,0,8989900
27,35398,36,443,198955,0,8189204
43,140030,20,818,224131,1,7707432
58,76503,30,344,224004,1,9349065
52,26638,24,538,388130,0,3754036
42,26570,22,454,398103,1,7934198
43,88785,23,480,314179,0,8389434
28,29110,37,514,159767,0,1091656
55,125899,27,387,483961,1,3162766
19,99141,20,555,67241,0,1353153
24,32115,17,810,102975,0,7724504
35,59062,35,372,204226,1,4453708
44,42911,34,478,468841,0,5101153
51,124061,8,511,488166,0,1987938
44,52556,37,533,106396,0,8074533
34,98131,29,764,168920,0,4801065
60,148335,33,522,456547,0,1862839
61,21969,31,563,244999,0,2064367
41,63753,2,506,136226,0,1234898
42,102811,2,665,134719,1,1461122
24,24470,27,575,113014,1,1675025
23,141863,14,679,89346,0,5264550
41,30225,22,608,120411,0,8536968
50,127860,39,567,235550,1,6477835
46,143008,10,363,193326,1,2605752
60,127510,31,649,236806,1,1807040
